{
"skeleton": { "hash": "F1po8XEd7k6ArAzxqKA48KVlbFI", "spine": "2.1.27", "width": 200, "height": 300, "images": "" },
"bones": [
	{ "name": "root" },
	{ "name": "bone", "parent": "root" }
],
"slots": [
	{ "name": "images/Neon1", "bone": "bone", "attachment": "images/Neon1" }
],
"skins": {
	"default": {
		"images/Neon1": {
			"images/Neon1": { "x": 9, "width": 200, "height": 300 },
			"images/Neon2": { "x": 9, "width": 200, "height": 300 },
			"images/Neon3": { "x": 9, "width": 200, "height": 300 },
			"images/Neon4": { "x": 9, "width": 200, "height": 300 },
			"images/Neon5": { "x": 9, "width": 200, "height": 300 },
			"images/Neon6": { "x": 9, "width": 200, "height": 300 },
			"images/Neon7": { "x": 9, "width": 200, "height": 300 },
			"images/Neon8": { "x": 9, "width": 200, "height": 300 },
			"images/Neon9": { "x": 9, "width": 200, "height": 300 },
			"images/Neon10": { "x": 9, "width": 200, "height": 300 },
			"images/Neon11": { "x": 9, "width": 200, "height": 300 },
			"images/Neon12": { "x": 9, "width": 200, "height": 300 },
			"images/Neon13": { "x": 9, "width": 200, "height": 300 },
			"images/Neon14": { "x": 9, "width": 200, "height": 300 },
			"images/Neon15": { "x": 9, "width": 200, "height": 300 },
			"images/Neon16": { "x": 9, "width": 200, "height": 300 },
			"images/Neon17": { "x": 9, "width": 200, "height": 300 },
			"images/Neon18": { "x": 9, "width": 200, "height": 300 },
			"images/Neon19": { "x": 9, "width": 200, "height": 300 },
			"images/Neon20": { "x": 9, "width": 200, "height": 300 },
			"images/Neon21": { "x": 9, "width": 200, "height": 300 },
			"images/Neon22": { "x": 9, "width": 200, "height": 300 },
			"images/Neon23": { "x": 9, "width": 200, "height": 300 },
			"images/Neon24": { "x": 9, "width": 200, "height": 300 },
			"images/Neon25": { "x": 9, "width": 200, "height": 300 },
			"images/Neon26": { "x": 9, "width": 200, "height": 300 },
			"images/Neon27": { "x": 9, "width": 200, "height": 300 },
			"images/Neon28": { "x": 9, "width": 200, "height": 300 },
			"images/Neon29": { "x": 9, "width": 200, "height": 300 },
			"images/Neon30": { "x": 9, "width": 200, "height": 300 },
			"images/Neon31": { "x": 9, "width": 200, "height": 300 }
		}
	}
},
"animations": {
	"animation": {
		"slots": {
			"images/Neon1": {
				"attachment": [
					{ "time": 0, "name": "images/Neon1" },
					{ "time": 0.0333, "name": "images/Neon2" },
					{ "time": 0.0666, "name": "images/Neon3" },
					{ "time": 0.1, "name": "images/Neon4" },
					{ "time": 0.1333, "name": "images/Neon5" },
					{ "time": 0.1666, "name": "images/Neon6" },
					{ "time": 0.2, "name": "images/Neon7" },
					{ "time": 0.2333, "name": "images/Neon8" },
					{ "time": 0.2666, "name": "images/Neon9" },
					{ "time": 0.3, "name": "images/Neon10" },
					{ "time": 0.3333, "name": "images/Neon11" },
					{ "time": 0.3666, "name": "images/Neon12" },
					{ "time": 0.4, "name": "images/Neon13" },
					{ "time": 0.4333, "name": "images/Neon14" },
					{ "time": 0.4666, "name": "images/Neon15" },
					{ "time": 0.5, "name": "images/Neon16" },
					{ "time": 0.5333, "name": "images/Neon17" },
					{ "time": 0.5666, "name": "images/Neon18" },
					{ "time": 0.6, "name": "images/Neon19" },
					{ "time": 0.6333, "name": "images/Neon20" },
					{ "time": 0.6666, "name": "images/Neon21" },
					{ "time": 0.7, "name": "images/Neon22" },
					{ "time": 0.7333, "name": "images/Neon23" },
					{ "time": 0.7666, "name": "images/Neon24" },
					{ "time": 0.8, "name": "images/Neon25" },
					{ "time": 0.8333, "name": "images/Neon26" },
					{ "time": 0.8666, "name": "images/Neon27" },
					{ "time": 0.9, "name": "images/Neon28" },
					{ "time": 0.9333, "name": "images/Neon29" },
					{ "time": 0.9666, "name": "images/Neon30" },
					{ "time": 1, "name": "images/Neon31" },
					{ "time": 1.0333, "name": null }
				]
			}
		},
		"bones": {
			"bone": {
				"rotate": [
					{ "time": 0, "angle": 0, "curve": "stepped" },
					{ "time": 1.0333, "angle": 0 }
				],
				"translate": [
					{ "time": 0, "x": 0, "y": 0, "curve": "stepped" },
					{ "time": 1.0333, "x": 0, "y": 0 }
				],
				"scale": [
					{ "time": 0, "x": 1, "y": 1, "curve": "stepped" },
					{ "time": 1.0333, "x": 1, "y": 1 }
				]
			},
			"root": {
				"rotate": [
					{ "time": 0, "angle": 0, "curve": "stepped" },
					{ "time": 1.0333, "angle": 0 }
				],
				"translate": [
					{ "time": 0, "x": 0, "y": 0, "curve": "stepped" },
					{ "time": 1.0333, "x": 0, "y": 0 }
				],
				"scale": [
					{ "time": 0, "x": 1, "y": 1, "curve": "stepped" },
					{ "time": 1.0333, "x": 1, "y": 1 }
				]
			}
		},
		"drawOrder": [
			{ "time": 0 },
			{ "time": 1.0333 }
		]
	}
}
}